meal_name,calories,prep_time,protein,fat,carbs,vegan,vegetarian,keto,paleo,gluten_free,mediterranean
Gluten-Free Pasta,0.490909091,0.84,0.783679116,0.597907329,0.44457186,0,0,0,0,1,0
Grilled Salmon,0.158181818,0.7,0.143588029,0.65208155,0.050609124,0,0,1,1,1,1
Lentil Soup,0.7,0.4,0.620637492,0.612747561,0.000688369,0,1,0,0,0,0
Chickpea Stew,0.105454545,0.82,0.046893363,0.9757606,0.229025653,1,1,0,0,0,0
Turkey Lettuce Wraps,0.441818182,0.04,0.864340202,0.681574604,0.449292782,0,0,1,1,1,1
Cauliflower Rice Bowl,0.572727273,0.26,0.812532728,0.304935972,0.092350854,1,1,0,1,1,0
Almond Flour Pancakes,0.665454545,0.12,0.613114243,0.834846485,0.168926145,0,1,1,1,1,0
Chickpea Stew,0.703636364,0.02,0.427325227,0.208020737,0.567860697,1,1,0,0,0,0
Cauliflower Rice Bowl,0.292727273,0.18,0.899406115,0.59895979,0.926165101,1,1,0,1,1,0
Vegan Curry,0.456363636,0.78,0.848854608,0.74875571,0.53952586,1,1,0,0,0,0
Tofu Stir Fry,0.283636364,0.28,0.166103063,0.015231837,0.421878987,1,1,0,0,0,0
Quinoa Salad,0.856363636,0.2,0.19985077,0.712687069,0.792930491,1,1,0,0,0,1
Mediterranean Wrap,0.418181818,0.8,0.919641719,0.851732513,0.448231975,0,0,0,0,0,1
Quinoa Salad,0.738181818,0.46,0.66932684,0.592340995,0.271465346,1,1,0,0,0,1
Keto Omelette,0.838181818,0.04,0.764676177,0.562244904,0.773498116,0,0,1,0,1,0
Gluten-Free Pasta,0.712727273,0.28,0.429722607,0.02503916,0.102689348,0,0,0,0,1,0
Gluten-Free Pasta,0.172727273,0.06,0.912210591,0.249475299,0.408708603,0,0,0,0,1,0
Grilled Salmon,0.952727273,0.62,0.601925949,0.696088408,0.884275809,0,0,1,1,1,1
Vegetarian Pizza,0.049090909,0.86,0.187515468,0.894359872,0.539171889,0,1,0,0,0,0
Gluten-Free Pasta,0.698181818,0.52,0.429287155,0.819628162,0.864308371,0,0,0,0,1,0
Gluten-Free Pasta,0.827272727,0.52,0.419540625,0.222222512,0.114802932,0,0,0,0,1,0
Lentil Soup,0.678181818,0.62,0.52144032,0.704343143,0.361410029,0,1,0,0,0,0
Chickpea Stew,0.485454545,0.76,0.499787694,0.301191118,0.281702055,1,1,0,0,0,0
Chickpea Stew,0.203636364,0.02,0.505246069,0.051164324,0.275435788,1,1,0,0,0,0
Quinoa Salad,0.730909091,0.02,0.53364658,0.448465435,0.552880771,1,1,0,0,0,1
Vegan Buddha Bowl,0.367272727,0.32,0.7319404,0.368264205,0.633219651,1,1,0,0,1,0
Paleo Chicken Bowl,0.927272727,0.94,0.802428937,0.150652701,0.507665218,0,0,1,1,1,0
Eggplant Parmesan,0.730909091,0.5,0.514708399,0.226621513,0.64623667,0,1,0,0,0,1
Almond Flour Pancakes,1,0.34,0.84199586,0.676945569,0.737330114,0,1,1,1,1,0
Cauliflower Rice Bowl,0.752727273,0.58,0.699342075,0.228680926,0.170534965,1,1,0,1,1,0
Eggplant Parmesan,0.001818182,0,0.09356869,0.899028343,0.904458694,0,1,0,0,0,1
Keto Avocado Salad,0.178181818,0.36,0.729668133,0.898922579,0.890971583,0,0,1,1,1,0
Quinoa Salad,0.761818182,0.74,0.672408466,0.581703142,0.370164109,1,1,0,0,0,1
Keto Omelette,0.612727273,0.02,0.695432922,0.653157034,0.220424469,0,0,1,0,1,0
Quinoa Salad,0.721818182,0.4,0.179728374,0.366946551,0.746388947,1,1,0,0,0,1
Keto Omelette,0.058181818,0.94,0.094143624,0.368196706,0.261834902,0,0,1,0,1,0
Shrimp Zoodles,0.416363636,0.88,0.489227443,0.907933713,0.433000075,0,0,1,1,1,0
Quinoa Salad,0.872727273,0.08,0.231354423,0.500004946,0.572214761,1,1,0,0,0,1
Chickpea Stew,0.310909091,0.54,0.472343632,0.279819535,0.887337285,1,1,0,0,0,0
Keto Avocado Salad,0.507272727,0.56,0.430369036,0.968642042,0.968397696,0,0,1,1,1,0
Quinoa Salad,0.345454545,0.4,0.191878709,0.268706171,0.484479028,1,1,0,0,0,1
Cauliflower Rice Bowl,0.585454545,0.78,0.070765671,0.209000249,0.672510275,1,1,0,1,1,0
Chicken Stir Fry,0.889090909,0.02,0.324193753,0.850360288,0.13175431,0,0,1,1,1,0
Eggplant Parmesan,0.865454545,0.82,0.813501479,0.811706919,0.870724066,0,1,0,0,0,1
Tofu Stir Fry,0.918181818,0.12,0.504077376,0.79985898,0.651083686,1,1,0,0,0,0
Shrimp Zoodles,0.854545455,0.28,0.377497997,0.093774408,0.578563895,0,0,1,1,1,0
Greek Yogurt Parfait,0.343636364,0.42,0.593852538,0.030133062,0.03132341,0,1,0,0,0,1
Paleo Chicken Bowl,0.805454545,0.72,0.524910671,0.771486177,0.21187766,0,0,1,1,1,0
Mediterranean Wrap,0.354545455,0.1,0.051935154,0.532247083,0.540479847,0,0,0,0,0,1
Vegan Curry,0.487272727,0.98,0.518937272,0.323324807,0.797999581,1,1,0,0,0,0
Greek Yogurt Parfait,0.103636364,0.5,0.025469098,0.964625561,0.83926926,0,1,0,0,0,1
Keto Avocado Salad,0.103636364,0,0.4446098,0.239946525,0.088507726,0,0,1,1,1,0
Vegan Curry,0.492727273,0.76,0.660470612,0.436324712,0.732092938,1,1,0,0,0,0
Keto Omelette,0.278181818,0.3,0.159448609,0.120022964,0.339406438,0,0,1,0,1,0
Mediterranean Wrap,0.169090909,0.9,0.984523718,0.175327327,0.010900895,0,0,0,0,0,1
Eggplant Parmesan,1,0.7,0.1740787,0.434498883,0.396691887,0,1,0,0,0,1
Vegetarian Pizza,0.18,0.66,0.262220312,0.014899136,0.937862015,0,1,0,0,0,0
Quinoa Salad,0.589090909,0.88,0.163758585,0.070302331,0.643451045,1,1,0,0,0,1
Chickpea Stew,0.289090909,0.52,0.805046466,0.678427512,0.573593498,1,1,0,0,0,0
Quinoa Salad,0.774545455,0.72,0.629139043,0.822046306,0.652622263,1,1,0,0,0,1
Grilled Salmon,0.516363636,0.24,0.215678266,0.377763987,0.032957188,0,0,1,1,1,1
Cauliflower Rice Bowl,0.161818182,0.14,0.387362009,0.682884019,0.338136703,1,1,0,1,1,0
Greek Yogurt Parfait,0.354545455,0.98,0.632157626,0.879234943,0.737183347,0,1,0,0,0,1
Vegan Buddha Bowl,0.829090909,0.46,0.810962103,0.992552348,0.410969419,1,1,0,0,1,0
Cauliflower Rice Bowl,0.172727273,0.46,0.871553216,0.562835881,0.234919112,1,1,0,1,1,0
Tofu Stir Fry,0.392727273,0.68,0.103641199,0.904378914,0.504684452,1,1,0,0,0,0
Eggplant Parmesan,0.62,0.24,0.900105563,0.389736618,0.004503698,0,1,0,0,0,1
Keto Avocado Salad,0.136363636,0.16,0.32094002,0.952007459,0.955233106,0,0,1,1,1,0
Greek Yogurt Parfait,0.665454545,0.3,0.450734351,0.293504296,0.326037197,0,1,0,0,0,1
Vegan Buddha Bowl,0.272727273,0.3,0.793657185,0.09099159,0.493726057,1,1,0,0,1,0
Gluten-Free Pasta,0.24,0.68,0.892246406,0.351353662,0.111971946,0,0,0,0,1,0
Lentil Soup,0.132727273,0.86,0.871304043,0.840145631,0.424600353,0,1,0,0,0,0
Vegan Curry,0.712727273,0.98,0.896460641,0.146529635,0.512852408,1,1,0,0,0,0
Paleo Chicken Bowl,0.9,0.88,0.372531845,0.814399847,0.951835367,0,0,1,1,1,0
Tofu Stir Fry,0.125454545,0.6,0.484126243,0.378494326,0.706846953,1,1,0,0,0,0
Vegetarian Pizza,0.963636364,0.76,0.436668886,0.253876284,0.403467346,0,1,0,0,0,0
Almond Flour Pancakes,0.827272727,0.8,0.748017764,0.682308333,0.233816007,0,1,1,1,1,0
Chickpea Stew,0.210909091,0.1,0.806212371,0.979916175,0.556029013,1,1,0,0,0,0
Turkey Lettuce Wraps,0.143636364,0.4,0.998047006,0.073538267,0.553853176,0,0,1,1,1,1
Almond Flour Pancakes,0.729090909,0.92,0.632615755,0.697054588,0.453381732,0,1,1,1,1,0
Keto Omelette,0.02,0.18,0.955275395,0.892058885,0.454510431,0,0,1,0,1,0
Vegan Curry,0.630909091,0.7,0.466065481,0.353797007,0.584002562,1,1,0,0,0,0
Mediterranean Wrap,0.910909091,0.32,0.281186998,0.411797003,0.603351384,0,0,0,0,0,1
Eggplant Parmesan,0.458181818,0.1,0.954660687,0.727100784,0.614108707,0,1,0,0,0,1
Chicken Stir Fry,0.438181818,0.88,0.165668166,0.41184552,0.780210601,0,0,1,1,1,0
Cauliflower Rice Bowl,0.510909091,0.48,0.974878359,0.84379294,0.841645234,1,1,0,1,1,0
Chicken Stir Fry,0.178181818,0,0.013730407,0.075104692,0.69332106,0,0,1,1,1,0
Mediterranean Wrap,0.792727273,0.44,0.772920622,0.946697902,0.853095922,0,0,0,0,0,1
Chickpea Stew,0.14,0.16,0.129810308,0.956006552,0.606783704,1,1,0,0,0,0
Quinoa Salad,0.885454545,0.62,0.047125352,0.268904293,0.015983122,1,1,0,0,0,1
Chicken Stir Fry,0.212727273,0.04,0.522820243,0.853880825,0.551883019,0,0,1,1,1,0
Mediterranean Wrap,0.727272727,0.94,0.482496906,0.421149523,0.787358987,0,0,0,0,0,1
Shrimp Zoodles,0.134545455,1,0.907772524,0.618372223,0.98543687,0,0,1,1,1,0
Cauliflower Rice Bowl,0.607272727,0.52,0.091457237,0.727780012,0.547370466,1,1,0,1,1,0
Quinoa Salad,0.607272727,0.58,0.625266307,0.864088641,0.954133911,1,1,0,0,0,1
Vegan Buddha Bowl,0.332727273,0.32,0.494629153,0.258449973,0.458030008,1,1,0,0,1,0
Chicken Stir Fry,0.094545455,0.02,0.33042641,0.63454995,0.236485933,0,0,1,1,1,0
Greek Yogurt Parfait,0.330909091,0.3,0.152670259,0.138732425,0.641888499,0,1,0,0,0,1
Vegan Curry,0.509090909,0.04,0.878791155,0.516087968,0.977998748,1,1,0,0,0,0
Greek Yogurt Parfait,0.007272727,0.34,0.280007812,0.177011767,0.083276667,0,1,0,0,0,1
Quinoa Salad,0.421818182,0.22,0.207380515,0.364742097,0.502827949,1,1,0,0,0,1
Tofu Stir Fry,0.130909091,0.5,0.803499676,0.629035651,0.076252188,1,1,0,0,0,0
Grilled Salmon,0.045454545,0.7,0.810325394,0.749697654,0.18021262,0,0,1,1,1,1
Turkey Lettuce Wraps,0.954545455,0.5,0.763842282,0.532157982,0.722458619,0,0,1,1,1,1
Shrimp Zoodles,0.565454545,1,0.716997371,0.89701437,0.511184453,0,0,1,1,1,0
Turkey Lettuce Wraps,0.496363636,0.74,0.535337896,0.242636417,0.265922891,0,0,1,1,1,1
Mediterranean Wrap,0.069090909,0.32,0.21252104,0.327877106,0.114698493,0,0,0,0,0,1
Chickpea Stew,0.043636364,0.06,0.356914292,0.650010722,0.478714806,1,1,0,0,0,0
Vegan Buddha Bowl,0.06,0.92,0.74925188,0.432301266,0.122607842,1,1,0,0,1,0
Keto Avocado Salad,0.94,0.5,0.610660283,0.244523804,0.497598086,0,0,1,1,1,0
Paleo Chicken Bowl,0.683636364,0.64,0.00756132,0.22545561,0.36315739,0,0,1,1,1,0
Eggplant Parmesan,0.634545455,0.2,0.088326793,0.807447726,0.049842193,0,1,0,0,0,1
Keto Avocado Salad,0.44,0.6,0.412490466,0.984405385,0.106885192,0,0,1,1,1,0
Chicken Stir Fry,0.134545455,0.06,0.005315501,0.977075542,0.490011713,0,0,1,1,1,0
Paleo Chicken Bowl,0.8,0.02,0.559607389,0.572606389,0.276783959,0,0,1,1,1,0
Lentil Soup,0.590909091,0.5,0.325328015,0.426062508,0.507069958,0,1,0,0,0,0
Chickpea Stew,0,0.5,0.771706512,0.087065818,0.505545967,1,1,0,0,0,0
Vegan Buddha Bowl,0.469090909,0.64,0.371112937,0.454966552,0.548540769,1,1,0,0,1,0
Vegetarian Pizza,0.021818182,0.78,0.814017403,0.254837176,0.682990293,0,1,0,0,0,0
Chickpea Stew,0.998181818,0.68,0.350646264,0.931422997,0.833846029,1,1,0,0,0,0
Lentil Soup,0.605454545,0.2,0.943142444,0.181244969,0.060811424,0,1,0,0,0,0
Vegan Curry,0.632727273,0.14,0.832176525,0.751945527,0.80240126,1,1,0,0,0,0
Keto Omelette,0.298181818,0.08,0.236889149,0.634908559,0.911993629,0,0,1,0,1,0
Tofu Stir Fry,0.16,0.34,0.820776896,0.439795429,0.374880138,1,1,0,0,0,0
Greek Yogurt Parfait,0.04,0.28,0.580437078,0.355812286,0.389587362,0,1,0,0,0,1
Chicken Stir Fry,0.187272727,1,0.54562243,0.432169533,0.330236851,0,0,1,1,1,0
Greek Yogurt Parfait,0.812727273,0.28,0.883124784,0.496225712,0.743647735,0,1,0,0,0,1
Vegan Buddha Bowl,0.8,0.64,0.710595573,0.780086137,0.138336847,1,1,0,0,1,0
Vegan Buddha Bowl,0.947272727,0.08,0.881251745,0.342498183,0.824374741,1,1,0,0,1,0
Turkey Lettuce Wraps,0.390909091,0.28,0.801373792,0.149850572,0.225464657,0,0,1,1,1,1
Lentil Soup,0.745454545,0.6,0.601501015,0.566486695,0.718071053,0,1,0,0,0,0
Mediterranean Wrap,0.018181818,0.18,0.34426971,0.227478871,0.422076648,0,0,0,0,0,1
Shrimp Zoodles,0.718181818,0.5,0.589225493,0.506717084,0.612124877,0,0,1,1,1,0
Turkey Lettuce Wraps,0.834545455,0.86,0.568020619,0.697958992,0.926797538,0,0,1,1,1,1
Vegan Curry,0.685454545,0.16,0.426294765,0.737852483,0.938803576,1,1,0,0,0,0
Grilled Salmon,0.734545455,0.5,0.843189935,0.12453231,0.925120709,0,0,1,1,1,1
Greek Yogurt Parfait,0.781818182,0.16,0.748055954,0.205652942,0.790517017,0,1,0,0,0,1
Keto Avocado Salad,0.441818182,0.48,0.86793629,0.924837563,0.46467093,0,0,1,1,1,0
Chicken Stir Fry,0.96,0.84,0.033003479,0.914601115,0.244660998,0,0,1,1,1,0
Gluten-Free Pasta,0.909090909,0.46,0.313059332,0.782014744,0.274364143,0,0,0,0,1,0
Cauliflower Rice Bowl,0.087272727,0.12,0.980534143,0.459699441,0.557344508,1,1,0,1,1,0
Vegan Curry,0.592727273,0,0.311515207,0.397873468,0.425305917,1,1,0,0,0,0
Greek Yogurt Parfait,0.778181818,0.56,0.474476952,0.565817802,0.06001461,0,1,0,0,0,1
Shrimp Zoodles,0.316363636,0.98,0.527068694,0.441427361,0.39897655,0,0,1,1,1,0
Paleo Chicken Bowl,0.478181818,0.56,0.075879001,0.754696725,0.269017186,0,0,1,1,1,0
Greek Yogurt Parfait,0.689090909,0.64,0.025504893,0.156101423,0.717861795,0,1,0,0,0,1
Vegan Curry,0.567272727,0.04,0.232248515,0.673138645,0.013480063,1,1,0,0,0,0
Turkey Lettuce Wraps,0.090909091,0.64,0.559565869,0.722182032,0.808246479,0,0,1,1,1,1
Shrimp Zoodles,0.890909091,0.3,0.399209385,0.669321462,0.200914546,0,0,1,1,1,0
Eggplant Parmesan,0.010909091,0.18,0.085935495,0.20796519,0.020381286,0,1,0,0,0,1
Greek Yogurt Parfait,0.516363636,0.34,0.897239418,0.819055521,0.339343396,0,1,0,0,0,1
Vegetarian Pizza,0.854545455,0.22,0.834904065,0.345616401,0.776398899,0,1,0,0,0,0
Keto Avocado Salad,0.094545455,0.86,0.220624918,0.976554337,0.782392242,0,0,1,1,1,0
Chickpea Stew,0.285454545,0.9,0.473470321,0.18212124,0.483971672,1,1,0,0,0,0
Chickpea Stew,0.429090909,0.48,0.259198953,0.139262657,0.838207132,1,1,0,0,0,0
Vegan Buddha Bowl,0.801818182,0.56,0.172548305,0.272548279,0.012144809,1,1,0,0,1,0
Cauliflower Rice Bowl,0.074545455,0.7,0.500634262,0.06690045,0.403513883,1,1,0,1,1,0
Paleo Chicken Bowl,0.62,0.4,0.265024805,0.266724737,0.734263219,0,0,1,1,1,0
Chicken Stir Fry,0.825454545,0.18,0.91909118,0.419379829,0.381146474,0,0,1,1,1,0
Shrimp Zoodles,0.658181818,0,0.08321173,0.60422513,0.241750109,0,0,1,1,1,0
Grilled Salmon,0.018181818,0.7,0.722722912,0.297425076,0.566549898,0,0,1,1,1,1
Chicken Stir Fry,0.736363636,0.08,0.486224908,0.270146149,0.539678264,0,0,1,1,1,0
Greek Yogurt Parfait,0.441818182,0.84,0.850738223,0.957194818,0.150015634,0,1,0,0,0,1
Keto Avocado Salad,0.816363636,0.16,0.075511544,0.729576241,0.494809559,0,0,1,1,1,0
Grilled Salmon,0.074545455,0.48,0.24765438,0.820718449,0.802278594,0,0,1,1,1,1
Lentil Soup,0.867272727,0.74,0.593246853,0.361437844,0.086189789,0,1,0,0,0,0
Chickpea Stew,0.598181818,0.96,0.186070965,0.542819922,0.876666082,1,1,0,0,0,0
Vegan Curry,0.145454545,0.44,0.727806281,0.63839031,0.985552275,1,1,0,0,0,0
Cauliflower Rice Bowl,0.485454545,0.28,0.696719502,0.051281674,0.671269924,1,1,0,1,1,0
Vegetarian Pizza,0.727272727,0.44,0.558646172,0.473956337,0.310043131,0,1,0,0,0,0
Turkey Lettuce Wraps,0.941818182,0.16,0.193575365,0.115128058,0.420221054,0,0,1,1,1,1
Cauliflower Rice Bowl,0.729090909,0.82,0.647841477,0.651358613,0.362490127,1,1,0,1,1,0
Lentil Soup,0.176363636,0.04,0.699849039,0.340285848,0.726758903,0,1,0,0,0,0
Lentil Soup,0.956363636,0.96,0.541151793,0.66287533,0.740000546,0,1,0,0,0,0
Quinoa Salad,0.194545455,0.02,0.024514263,0.87184326,0.015057116,1,1,0,0,0,1
Tofu Stir Fry,0.754545455,0.62,0.802869295,1,0.34834159,1,1,0,0,0,0
Chickpea Stew,0.492727273,0.86,0.989120118,0.769761711,0.416178575,1,1,0,0,0,0
Gluten-Free Pasta,0.705454545,0,0.239990377,0.110308058,0.352297536,0,0,0,0,1,0
Cauliflower Rice Bowl,0.263636364,0.72,0.042297433,0.017474992,0.992781199,1,1,0,1,1,0
Keto Avocado Salad,0.623636364,0.06,0.219361835,0.951906422,0.789055292,0,0,1,1,1,0
Grilled Salmon,0.798181818,0.9,0.603868845,0.90555292,0.994260776,0,0,1,1,1,1
Gluten-Free Pasta,0.561818182,1,0.515306906,0.230806047,0.172126416,0,0,0,0,1,0
Keto Avocado Salad,0.918181818,0.04,0.830432432,0.802339712,0.630662262,0,0,1,1,1,0
Chickpea Stew,0.178181818,0.38,1,0.173888697,0.394402782,1,1,0,0,0,0
Cauliflower Rice Bowl,0.110909091,0.32,0.154673697,0.817441034,0.220597728,1,1,0,1,1,0
Turkey Lettuce Wraps,0.596363636,0.06,0.583050353,0.09127303,0.881233764,0,0,1,1,1,1
Keto Omelette,0.981818182,0.16,0.044592621,0.853892888,0.02937513,0,0,1,0,1,0
Turkey Lettuce Wraps,0.974545455,0.08,0.738972597,0.281654758,0.249135228,0,0,1,1,1,1
Paleo Chicken Bowl,0.454545455,0.08,0.049022147,0.533498109,0.966882221,0,0,1,1,1,0
Eggplant Parmesan,0.205454545,0.78,0.887423879,0.516933054,0.910625446,0,1,0,0,0,1
Keto Omelette,0.070909091,0.66,0.546556796,0.866223168,0.736008681,0,0,1,0,1,0
Greek Yogurt Parfait,0.165454545,0.64,0.158136122,0.160359613,0.331443858,0,1,0,0,0,1
Tofu Stir Fry,0.307272727,0.7,0.621773157,0.754165812,0.153994466,1,1,0,0,0,0
Grilled Salmon,0.054545455,0.44,0.005159871,0.821565173,0.22483112,0,0,1,1,1,1
Gluten-Free Pasta,0.645454545,0.02,0.836391327,0.50830011,0,0,0,0,0,1,0
Tofu Stir Fry,0.203636364,0.8,0.635043033,0.260013087,0.634939348,1,1,0,0,0,0
Tofu Stir Fry,0.590909091,0.36,0.764920277,0.542183958,0.967762399,1,1,0,0,0,0
Turkey Lettuce Wraps,0.503636364,0.06,0.174633135,0.772348896,0.951885253,0,0,1,1,1,1
Chickpea Stew,0.727272727,0.18,0.475991626,0.057622234,0.069105184,1,1,0,0,0,0
Cauliflower Rice Bowl,0.489090909,0.92,0.973836499,0.751093296,0.125143004,1,1,0,1,1,0
Lentil Soup,0.050909091,0.2,0.82571561,0.372324788,0.821874255,0,1,0,0,0,0
Grilled Salmon,0.976363636,0.66,0.275018675,0.999188353,0.424691228,0,0,1,1,1,1
Tofu Stir Fry,0.069090909,0.28,0.798875223,0.694982928,0.216883957,1,1,0,0,0,0
Chicken Stir Fry,0.038181818,0.2,0.274649652,0.95281107,0.146359234,0,0,1,1,1,0
Turkey Lettuce Wraps,0.150909091,0.1,0.763981663,0.44296724,0.309129735,0,0,1,1,1,1
Paleo Chicken Bowl,0.294545455,0.96,0.654998178,0.369009285,0.867978345,0,0,1,1,1,0
Eggplant Parmesan,0.107272727,0.9,0.204734541,0.090949872,0.148989705,0,1,0,0,0,1
Shrimp Zoodles,0.36,0.04,0.800873702,0.294463905,0.916009832,0,0,1,1,1,0
Keto Omelette,0.956363636,0.48,0.00122646,0.599388151,0.607928717,0,0,1,0,1,0
Almond Flour Pancakes,0.945454545,0.74,0.226685468,0.160786047,0.652657363,0,1,1,1,1,0
Chicken Stir Fry,0.716363636,0.24,0.150336296,0.465323158,0.681931998,0,0,1,1,1,0
Cauliflower Rice Bowl,0.987272727,0.2,0.698535445,0.861841693,0.782485531,1,1,0,1,1,0
Vegan Curry,0.387272727,1,0.105456775,0.242209859,0.991709043,1,1,0,0,0,0
Turkey Lettuce Wraps,0.154545455,0.54,0.706056918,0.560612294,0.003424452,0,0,1,1,1,1
Quinoa Salad,0.407272727,0.64,0.887049183,0.082272147,0.827669465,1,1,0,0,0,1
Gluten-Free Pasta,0.3,0.76,0.201877801,0.694493415,0.824560304,0,0,0,0,1,0
Vegetarian Pizza,0.776363636,0.96,0.956419726,0.124088482,0.900212995,0,1,0,0,0,0
Keto Avocado Salad,0.130909091,0.76,0.616076881,0.299143558,0.939648112,0,0,1,1,1,0
Vegan Curry,0.576363636,0.38,0.341179876,0.816430488,0.074588827,1,1,0,0,0,0
Almond Flour Pancakes,0.707272727,0.42,0.45462698,0.644752385,0.526081402,0,1,1,1,1,0
Vegetarian Pizza,0.02,0.44,0.653618497,0.480040411,0.616462669,0,1,0,0,0,0
Greek Yogurt Parfait,0.645454545,0.88,0.183040485,0.791240688,0.659929504,0,1,0,0,0,1
Greek Yogurt Parfait,0.996363636,0.62,0.545249854,0.494073533,0.076016933,0,1,0,0,0,1
Greek Yogurt Parfait,0.807272727,0.56,0.420534483,0.203646381,0.843793703,0,1,0,0,0,1
Chickpea Stew,0.287272727,0.46,0.427664419,0.346361117,0.368905598,1,1,0,0,0,0
Almond Flour Pancakes,0.274545455,0.98,0.871467669,0.579686871,0.437270356,0,1,1,1,1,0
Chicken Stir Fry,0.607272727,0.66,0.797012261,0.656212779,0.997243567,0,0,1,1,1,0
Lentil Soup,0.429090909,0.34,0.634788426,0.734512892,0.126641726,0,1,0,0,0,0
Vegan Curry,0.867272727,0.44,0.635773768,0.373342449,0.512133153,1,1,0,0,0,0
Mediterranean Wrap,0.576363636,0.92,0.595948374,0.580428221,0.663888648,0,0,0,0,0,1
Gluten-Free Pasta,0.261818182,0.48,0.974373708,0.258338738,0.657935406,0,0,0,0,1,0
Quinoa Salad,0.834545455,0.7,0.974784527,0.454486918,0.232343018,1,1,0,0,0,1
Keto Omelette,0.489090909,0.3,0.522428692,0.337406838,0.83208974,0,0,1,0,1,0
Quinoa Salad,0.5,0.14,0.620299243,0.708110853,0.162529662,1,1,0,0,0,1
Almond Flour Pancakes,0.218181818,0.84,0.740168059,0.665030088,0.473705837,0,1,1,1,1,0
Chickpea Stew,0.281818182,0.92,0.872713813,0.205915002,0.106764518,1,1,0,0,0,0
Cauliflower Rice Bowl,0.927272727,0.72,0.94139878,0.038998594,0.117073656,1,1,0,1,1,0
Paleo Chicken Bowl,0.105454545,0.08,0.103827237,0.585697241,0.689773635,0,0,1,1,1,0
Almond Flour Pancakes,0.438181818,0.46,0.689475052,0.016979605,0.320438771,0,1,1,1,1,0
Gluten-Free Pasta,0.898181818,0.84,0.491342666,0.668097513,0.134819569,0,0,0,0,1,0
Tofu Stir Fry,0.609090909,0.98,0.202877265,0.674682208,0.974763145,1,1,0,0,0,0
Quinoa Salad,0.638181818,0.74,0.872584125,0.177151423,0.694243246,1,1,0,0,0,1
Grilled Salmon,0.750909091,0.98,0.24538807,0.832522936,0.868231853,0,0,1,1,1,1
Chickpea Stew,0.625454545,0.9,0.923378915,0.601676169,0.94538782,1,1,0,0,0,0
Shrimp Zoodles,0.550909091,0.08,0.580134499,0.349006428,0.154684764,0,0,1,1,1,0
Paleo Chicken Bowl,0.290909091,0.8,0.998421056,0.753876208,0.085076578,0,0,1,1,1,0
Keto Avocado Salad,0.587272727,0.66,0.406201865,0.327411748,0.668918741,0,0,1,1,1,0
Paleo Chicken Bowl,0.72,0.8,0.318811235,0.870641998,0.373593124,0,0,1,1,1,0
Gluten-Free Pasta,0.116363636,0.22,0.612948545,0.56441207,0.378395943,0,0,0,0,1,0
Quinoa Salad,0.901818182,0.68,0.228423825,0.072936115,0.604025871,1,1,0,0,0,1
Shrimp Zoodles,0.003636364,0.4,0.867750852,0.519943371,0.478309914,0,0,1,1,1,0
Lentil Soup,0.550909091,0.72,0.2473203,0.47745046,0.392504201,0,1,0,0,0,0
Paleo Chicken Bowl,0.66,0.84,0.018314421,0.195826468,0.00119073,0,0,1,1,1,0
Turkey Lettuce Wraps,0.223636364,0.28,0.244719665,0.928922123,0.054509903,0,0,1,1,1,1
Tofu Stir Fry,0.605454545,0.06,0.258082136,0.285145457,0.304413339,1,1,0,0,0,0
Turkey Lettuce Wraps,0.527272727,0.14,0.312893012,0.611424866,0.718042322,0,0,1,1,1,1
Chickpea Stew,0.161818182,0.48,0.525149671,0.123088662,0.862978247,1,1,0,0,0,0
Gluten-Free Pasta,0.565454545,0.96,0.570210834,0.256764139,0.967696511,0,0,0,0,1,0
Vegan Buddha Bowl,0.698181818,0.86,0.043623544,0.634299844,0.956038586,1,1,0,0,1,0
Keto Avocado Salad,0.945454545,0.28,0.614103624,0.411618303,0.843195706,0,0,1,1,1,0
Vegan Curry,0.087272727,0.5,0.256944761,0.302376283,0.734034066,1,1,0,0,0,0
Vegan Buddha Bowl,0.301818182,0.18,0.813671166,0.768140365,0.144989521,1,1,0,0,1,0
Cauliflower Rice Bowl,0.876363636,0.86,0.867211527,0.216841001,0.090370465,1,1,0,1,1,0
Eggplant Parmesan,0.76,0.54,0.207232204,0.639121357,0.253419369,0,1,0,0,0,1
Tofu Stir Fry,0.46,0.48,0.99284116,0.136339001,0.696791221,1,1,0,0,0,0
Keto Omelette,0.678181818,0.76,0.728221925,0.015416986,0.338607587,0,0,1,0,1,0
Shrimp Zoodles,0.394545455,0.74,0.581342344,0.27440628,0.073885239,0,0,1,1,1,0
Vegan Curry,0.64,0.7,0.192839909,0.32374094,0.222839401,1,1,0,0,0,0
Keto Avocado Salad,0.938181818,0.86,0.234899329,0.540926139,0.883882524,0,0,1,1,1,0
Cauliflower Rice Bowl,0.690909091,0.04,0.191289534,0.052026612,0.376429999,1,1,0,1,1,0
Paleo Chicken Bowl,0.641818182,0.44,0.46758042,0.059849704,0.562394167,0,0,1,1,1,0
Vegan Buddha Bowl,0.865454545,0.6,0.758698439,0.170462792,0.407792977,1,1,0,0,1,0
Eggplant Parmesan,0.725454545,0.22,0.986258417,0.475636979,0.380527086,0,1,0,0,0,1
Greek Yogurt Parfait,0.938181818,0.38,0.931744783,0.540871217,0.845393028,0,1,0,0,0,1
Almond Flour Pancakes,0.736363636,0.34,0.791932227,0.866416966,0.609122443,0,1,1,1,1,0
Lentil Soup,0.907272727,0.66,0.063421088,0.117501018,0.223548473,0,1,0,0,0,0
Tofu Stir Fry,0.654545455,0.4,0.348086703,0.239212657,0.509208479,1,1,0,0,0,0
Keto Omelette,0.738181818,0.5,0.603663685,0.516532456,0.92365389,0,0,1,0,1,0
Grilled Salmon,0.572727273,0.72,0.393037116,0.501969494,0.395350466,0,0,1,1,1,1
Paleo Chicken Bowl,0.778181818,0.68,0.677751287,0.533376477,0.723375192,0,0,1,1,1,0
Keto Omelette,0.954545455,0.16,0.32417085,0.022507507,0.149124369,0,0,1,0,1,0
Keto Omelette,0.372727273,0.38,0.575969434,0.934632645,0.575410756,0,0,1,0,1,0
Quinoa Salad,0.170909091,0.26,0.139900415,0.900076842,0.832544016,1,1,0,0,0,1
Almond Flour Pancakes,0.876363636,0.8,0.829422348,0.667538739,0.116721594,0,1,1,1,1,0
Chicken Stir Fry,0.974545455,0.28,0.968044193,0.550467697,0.970625563,0,0,1,1,1,0
Tofu Stir Fry,0.810909091,0.1,0.000322517,0.017288399,0.603119998,1,1,0,0,0,0
Greek Yogurt Parfait,0.938181818,0.36,0.192754604,0.211844016,0.48379283,0,1,0,0,0,1
Cauliflower Rice Bowl,0.84,0.16,0.43253311,0.170650082,0.069039827,1,1,0,1,1,0
Shrimp Zoodles,0.476363636,0.3,0.695154358,0.619162167,0.634113753,0,0,1,1,1,0
Vegan Curry,0.181818182,0.76,0.221923652,0.173745685,0.6569106,1,1,0,0,0,0
Paleo Chicken Bowl,0.112727273,0.72,0.891140796,0.450471953,0.19043192,0,0,1,1,1,0
Gluten-Free Pasta,0.165454545,0.42,0.831771466,0.735015511,0.771816444,0,0,0,0,1,0
Chicken Stir Fry,0.734545455,0.74,0.261134355,0.761758042,0.13224838,0,0,1,1,1,0
Gluten-Free Pasta,0.116363636,0.24,0.01217126,0.241364179,0.980794381,0,0,0,0,1,0
Cauliflower Rice Bowl,0.312727273,0.62,0.490345038,0.109568288,0.547889633,1,1,0,1,1,0
Almond Flour Pancakes,0.925454545,0.06,0.869084401,0.243646416,0.652850774,0,1,1,1,1,0
Keto Omelette,0.790909091,0.56,0.461792033,0.78654695,0.896028139,0,0,1,0,1,0
Keto Avocado Salad,0.216363636,0.16,0.947656166,0.810473892,0.070847713,0,0,1,1,1,0
Quinoa Salad,0.438181818,0.78,0.463833147,0.638360131,0.660583187,1,1,0,0,0,1
Vegan Curry,0.141818182,0.32,0.066982271,0.519267913,0.145459977,1,1,0,0,0,0
Lentil Soup,0.156363636,0.72,0.048064498,0.037673577,0.748449435,0,1,0,0,0,0
Quinoa Salad,0.74,0.68,0.012158897,0.958463085,0.739649087,1,1,0,0,0,1
Shrimp Zoodles,0.790909091,0.28,0.947137768,0.785370131,0.352519295,0,0,1,1,1,0
Mediterranean Wrap,0.634545455,0.62,0.069053635,0.424920089,0.077120833,0,0,0,0,0,1
Eggplant Parmesan,0.610909091,0.6,0.786487374,0.227971542,0.980912842,0,1,0,0,0,1
Turkey Lettuce Wraps,0.692727273,0.06,0.778595953,0.645079765,0.530026352,0,0,1,1,1,1
Cauliflower Rice Bowl,0.269090909,0.7,0.294312518,0.98199104,0.602440592,1,1,0,1,1,0
Eggplant Parmesan,0.409090909,0.2,0.043948295,0.110642747,0.599051509,0,1,0,0,0,1
Keto Avocado Salad,0.885454545,0.26,0.44164744,0.614037218,0.947613964,0,0,1,1,1,0
Almond Flour Pancakes,0.310909091,0.62,0.498580867,0.012302973,0.997528941,0,1,1,1,1,0
Gluten-Free Pasta,0.421818182,0.92,0.253523321,0.756496949,0.45945012,0,0,0,0,1,0
Vegan Curry,0.430909091,0.12,0.181509353,0.053549764,0.317332133,1,1,0,0,0,0
Grilled Salmon,0.969090909,0.54,0.043383522,0.164785427,0.126804693,0,0,1,1,1,1
Turkey Lettuce Wraps,0.512727273,0.98,0.214594984,0.506681007,0.844047247,0,0,1,1,1,1
Tofu Stir Fry,0.763636364,0.64,0.510956739,0.297852885,0.565151126,1,1,0,0,0,0
Gluten-Free Pasta,0.665454545,0.48,0.765014392,0.160030317,0.460479969,0,0,0,0,1,0
Eggplant Parmesan,0.232727273,0.86,0.730176765,0.993860439,0.093874402,0,1,0,0,0,1
Vegetarian Pizza,0.890909091,0.48,0.557920838,0.734471061,0.616708937,0,1,0,0,0,0
Chicken Stir Fry,0.201818182,0.24,0.541447479,0.525033526,0.851477668,0,0,1,1,1,0
Lentil Soup,0.023636364,0.66,0.762556701,0.679641037,0.758624128,0,1,0,0,0,0
Paleo Chicken Bowl,0.381818182,0.72,0.125342145,0.385901201,0.644407978,0,0,1,1,1,0
Vegetarian Pizza,0.410909091,0.5,0.393522528,0.413215682,0.697270337,0,1,0,0,0,0
Vegetarian Pizza,0.34,0.88,0.093455987,0.589237689,0.480121814,0,1,0,0,0,0
Shrimp Zoodles,0.609090909,0.06,0.05306315,0.487377551,0.599898665,0,0,1,1,1,0
Greek Yogurt Parfait,0.107272727,0.36,0.500800037,0.076808184,0.052773424,0,1,0,0,0,1
Tofu Stir Fry,0.983636364,0.74,0.210906789,0.82676196,0.519904107,1,1,0,0,0,0
Tofu Stir Fry,0.634545455,0.96,0.436234189,0.088379363,0.216724459,1,1,0,0,0,0
Turkey Lettuce Wraps,0.212727273,0.88,0.174358332,0.638712803,0.4954925,0,0,1,1,1,1
Turkey Lettuce Wraps,0.723636364,0.1,0.996199211,0.748654935,0.742156014,0,0,1,1,1,1
Eggplant Parmesan,0.916363636,0.18,0.336215635,0.025818698,0.018013551,0,1,0,0,0,1
Tofu Stir Fry,0.772727273,0.68,0.431849255,0.874481255,0.845292137,1,1,0,0,0,0
Mediterranean Wrap,0.087272727,0.4,0.460525689,0.483739634,0.128576315,0,0,0,0,0,1
Vegan Buddha Bowl,0.534545455,0.98,0.914043664,0.781731389,0.000650835,1,1,0,0,1,0
Keto Avocado Salad,0.66,0.6,0.927344415,0.472803762,0.007098587,0,0,1,1,1,0
Lentil Soup,0.750909091,0.42,0.263036538,0.247156051,0.910363284,0,1,0,0,0,0
Vegetarian Pizza,0.370909091,0.1,0.065689791,0.488353531,0.027545268,0,1,0,0,0,0
Almond Flour Pancakes,0.452727273,0.84,0.139948005,0.533315815,0.409429594,0,1,1,1,1,0
Gluten-Free Pasta,0.723636364,0.34,0.736194495,0.549255704,0.123020505,0,0,0,0,1,0
Eggplant Parmesan,0.772727273,0.5,0.420930032,0.260368188,0.732883702,0,1,0,0,0,1
Cauliflower Rice Bowl,0.236363636,0.44,0.199102178,0.566308154,0.46288268,1,1,0,1,1,0
Lentil Soup,0.807272727,0.8,0.022136506,0.721374951,0.416404329,0,1,0,0,0,0
Gluten-Free Pasta,0.523636364,0.32,0.985535174,0.227537531,0.402228858,0,0,0,0,1,0
Grilled Salmon,0.767272727,0.42,0.551642502,0.613997698,0.22232411,0,0,1,1,1,1
Chicken Stir Fry,0.938181818,0.02,0.667583501,0.216190021,0.092239972,0,0,1,1,1,0
Eggplant Parmesan,0.154545455,0.22,0.062580872,0.513347688,0.809347825,0,1,0,0,0,1
Vegetarian Pizza,0.44,0.96,0.202385083,0.258827366,0.160166869,0,1,0,0,0,0
Vegan Buddha Bowl,0.387272727,0.28,0.20592062,0.879593908,0.883379493,1,1,0,0,1,0
Shrimp Zoodles,0.690909091,0.8,0.563044296,0.752173682,0.558027754,0,0,1,1,1,0
Chicken Stir Fry,0.46,0.04,0.913872806,0.539612727,0.497157821,0,0,1,1,1,0
Paleo Chicken Bowl,0.790909091,0.44,0.826308851,0.380932861,0.778196955,0,0,1,1,1,0
Greek Yogurt Parfait,0.914545455,0.22,0.526002615,0.287416209,0.795640612,0,1,0,0,0,1
Vegan Buddha Bowl,0.129090909,0.16,0.397990105,0.916947607,0.532784886,1,1,0,0,1,0
Vegetarian Pizza,0.849090909,0.1,0.797319082,0.317114431,0.860715628,0,1,0,0,0,0
Keto Omelette,0.070909091,0.74,0.141421683,0.202079839,0.179912986,0,0,1,0,1,0
Mediterranean Wrap,0.470909091,0.58,0.618442806,0.0832301,0.886247063,0,0,0,0,0,1
Lentil Soup,0.027272727,0,0.419892396,0.986141442,0.669249164,0,1,0,0,0,0
Tofu Stir Fry,0.470909091,0.54,0.886440349,0.428120921,0.157665081,1,1,0,0,0,0
Mediterranean Wrap,0.236363636,0.64,0.029503103,0.824584275,0.205738812,0,0,0,0,0,1
Mediterranean Wrap,0.863636364,0.56,0.297999078,0.92007338,0.105579686,0,0,0,0,0,1
Lentil Soup,0.716363636,0.02,0.825840196,0.459976345,0.355510685,0,1,0,0,0,0
Chicken Stir Fry,0.236363636,0.22,0.336915968,0.173754705,0.713857425,0,0,1,1,1,0
Quinoa Salad,0.990909091,0.8,0.743454116,0.191297539,0.614475154,1,1,0,0,0,1
Eggplant Parmesan,0.494545455,0.08,0.810319967,0.845415414,0.25047647,0,1,0,0,0,1
Quinoa Salad,0.492727273,0.66,0.326760103,0.687609401,0.063992981,1,1,0,0,0,1
Gluten-Free Pasta,0.363636364,0.38,0.228333292,0.838702372,0.276072755,0,0,0,0,1,0
Keto Omelette,0.801818182,0.48,0.216623841,0.360840268,0.062843994,0,0,1,0,1,0
Shrimp Zoodles,0.834545455,0.32,0.76998299,0.789986378,0.666279838,0,0,1,1,1,0
Cauliflower Rice Bowl,0.454545455,0.52,0.563303994,0.110824711,0.445808912,1,1,0,1,1,0
Paleo Chicken Bowl,0.909090909,0.14,0.129498011,0.41335532,0.805251313,0,0,1,1,1,0
Almond Flour Pancakes,0.509090909,0.78,0.74368813,0.919941601,0.276842874,0,1,1,1,1,0
Eggplant Parmesan,0.149090909,0.9,0.915430713,0.755414208,0.807833528,0,1,0,0,0,1
Almond Flour Pancakes,0.112727273,0.16,0.306302772,0.831036681,0.278344049,0,1,1,1,1,0
Turkey Lettuce Wraps,0.721818182,0.74,0.1208524,0.068068917,0.259926316,0,0,1,1,1,1
Keto Avocado Salad,0.681818182,0.48,0.828752973,0.073983692,0.222530937,0,0,1,1,1,0
Shrimp Zoodles,0.121818182,0.54,0.856624289,0.669040304,0.593679576,0,0,1,1,1,0
Keto Avocado Salad,0.229090909,0.3,0.240727161,0.796132732,0.028614257,0,0,1,1,1,0
Keto Omelette,0.896363636,0.98,0.57627893,0.660038107,0.248789397,0,0,1,0,1,0
Mediterranean Wrap,0.363636364,0.16,0.672621562,0.830928544,0.882769506,0,0,0,0,0,1
Quinoa Salad,0.545454545,0.44,0.432623806,0.317299807,0.433204021,1,1,0,0,0,1
Turkey Lettuce Wraps,0.045454545,0.56,0.171445301,0.950048899,0.443978378,0,0,1,1,1,1
Greek Yogurt Parfait,0.825454545,0.54,0.104747781,0.385034471,0.486894062,0,1,0,0,0,1
Lentil Soup,0.292727273,0.52,0.747396855,0.507095414,0.635038823,0,1,0,0,0,0
Paleo Chicken Bowl,0.474545455,0.5,0.912023326,0.239013485,0.468658551,0,0,1,1,1,0
Tofu Stir Fry,0.769090909,0.26,0.613901675,0.280945233,0.202946251,1,1,0,0,0,0
Tofu Stir Fry,0.087272727,0.9,0.049739078,0.834968952,0.847306403,1,1,0,0,0,0
Quinoa Salad,0.618181818,0.96,0.219619094,0.397350888,0.038445092,1,1,0,0,0,1
Keto Avocado Salad,0.623636364,0.72,0.28601041,0.819820547,0.531338813,0,0,1,1,1,0
Gluten-Free Pasta,0.072727273,0.76,0.496066777,0.703581038,0.997935062,0,0,0,0,1,0
Tofu Stir Fry,0.303636364,0.86,0.733592794,0.884033524,0.672307425,1,1,0,0,0,0
Tofu Stir Fry,0.807272727,0.94,0.298238158,0.71979217,0.958699041,1,1,0,0,0,0
Mediterranean Wrap,0.276363636,0.52,0.002102941,0.718932909,0.832802144,0,0,0,0,0,1
Chickpea Stew,0.587272727,0.58,0.804449001,0.663887206,0.086900703,1,1,0,0,0,0
Turkey Lettuce Wraps,0.150909091,0.96,0.071360239,0.07993777,0.35244841,0,0,1,1,1,1
Gluten-Free Pasta,0.189090909,0.18,0.363764944,0.594709941,0.003788991,0,0,0,0,1,0
Cauliflower Rice Bowl,0.212727273,0.16,0.615704273,0.875452033,0.72595593,1,1,0,1,1,0
Chicken Stir Fry,0.701818182,0.3,0.996336707,0.82163105,0.696525983,0,0,1,1,1,0
Lentil Soup,0.425454545,0,0.084813619,0.399929258,0.914288591,0,1,0,0,0,0
Chickpea Stew,0.505454545,0.46,0.655626207,0.847287146,0.694108568,1,1,0,0,0,0
Cauliflower Rice Bowl,0.778181818,0.16,0.307873191,0.790525547,0.445165467,1,1,0,1,1,0
Chicken Stir Fry,0.352727273,0.54,0.582226293,0.760816883,0.09356637,0,0,1,1,1,0
Grilled Salmon,0.212727273,0.7,0.394978487,0.526691112,0.511188443,0,0,1,1,1,1
Mediterranean Wrap,0.354545455,0.72,0.894651534,0.346303441,0.149800764,0,0,0,0,0,1
Vegetarian Pizza,0.76,0.84,0.387842343,0.793267525,0.596479121,0,1,0,0,0,0
Chickpea Stew,0.589090909,0.14,0.366452398,0.217996655,0.993098433,1,1,0,0,0,0
Quinoa Salad,0.787272727,0.08,0.229647188,0.979466496,0.531655708,1,1,0,0,0,1
Tofu Stir Fry,0.28,0.9,0.0311029,0.388518644,0.155430856,1,1,0,0,0,0
Cauliflower Rice Bowl,0.225454545,0.28,0.490342177,0.129930955,0.838763546,1,1,0,1,1,0
Mediterranean Wrap,0.223636364,0.72,0.476426384,0.444800791,1,0,0,0,0,0,1
Keto Avocado Salad,0.138181818,0.92,0.152350225,0.030571557,0.975602934,0,0,1,1,1,0
Vegan Buddha Bowl,0.298181818,0.8,0.556540328,0.542623294,0.764327025,1,1,0,0,1,0
Greek Yogurt Parfait,0.641818182,0.62,0.712639266,0.177172612,0.506904033,0,1,0,0,0,1
Lentil Soup,0.543636364,0.2,0.560558175,0.347706539,0.580776866,0,1,0,0,0,0
Keto Omelette,0.250909091,0.7,0.403828229,0.995904003,0.884120947,0,0,1,0,1,0
Vegan Curry,0.298181818,0.76,0.397153103,0.039114878,0.474631672,1,1,0,0,0,0
Vegan Buddha Bowl,0.114545455,0.52,0.914108414,0.723515516,0.53314682,1,1,0,0,1,0
Lentil Soup,0.716363636,0.76,0.12544945,0.795764192,0.272523318,0,1,0,0,0,0
Shrimp Zoodles,0.950909091,0.1,0.149547597,0.46339533,0.985967641,0,0,1,1,1,0
Lentil Soup,0.412727273,0.74,0.525112587,0.563683013,0.439909069,0,1,0,0,0,0
Grilled Salmon,0.905454545,0.98,0.72942769,0.896258192,0.454836716,0,0,1,1,1,1
Greek Yogurt Parfait,0.661818182,0.68,0.201491254,0.109095113,0.857460817,0,1,0,0,0,1
Chickpea Stew,0.265454545,0.74,0.257349393,0.030423591,0.976403046,1,1,0,0,0,0
Eggplant Parmesan,0.870909091,0.42,0.691238358,0.724080656,0.694148635,0,1,0,0,0,1
Vegetarian Pizza,0.369090909,0.02,0.335106005,0.734450904,0.528282222,0,1,0,0,0,0
Turkey Lettuce Wraps,0.032727273,0.98,0.680281694,0.830108988,0.291595002,0,0,1,1,1,1
Gluten-Free Pasta,0.116363636,0.7,0.83841206,0.74189452,0.13805591,0,0,0,0,1,0
Vegan Curry,0.34,0.16,0.770034409,0.84760502,0.614299829,1,1,0,0,0,0
Vegan Curry,0.48,0.66,0.078035981,0.408124099,0.405393958,1,1,0,0,0,0
Paleo Chicken Bowl,0.643636364,0.14,0.111555824,0.809824011,0.952279941,0,0,1,1,1,0
Chicken Stir Fry,0.221818182,0.74,0.301090754,0.076611487,0.500002373,0,0,1,1,1,0
Vegetarian Pizza,0.649090909,0.02,0.073264127,0.403442606,0.292273927,0,1,0,0,0,0
Chicken Stir Fry,0.818181818,0.14,0.294003997,0.1522688,0.262811809,0,0,1,1,1,0
Gluten-Free Pasta,0.581818182,0.32,0.643749986,0.980999338,0.604070892,0,0,0,0,1,0
Greek Yogurt Parfait,0.509090909,0.42,0.188794791,0.72115782,0.870583596,0,1,0,0,0,1
Vegetarian Pizza,0.878181818,0.14,0.557491043,0.638249213,0.525955753,0,1,0,0,0,0
Cauliflower Rice Bowl,0.094545455,0.46,0.29144597,0.564261696,0.114892288,1,1,0,1,1,0
Vegan Curry,0.02,0.6,0.285720723,0.133721044,0.630439467,1,1,0,0,0,0
Grilled Salmon,0.8,0.6,0.189997602,0.784542014,0.716917398,0,0,1,1,1,1
Paleo Chicken Bowl,0.621818182,0.46,0.8436326,0.003385635,0.243242067,0,0,1,1,1,0
Grilled Salmon,0.247272727,0.52,0.870981674,0.572803357,0.911319549,0,0,1,1,1,1
Greek Yogurt Parfait,0.32,0.1,0.379241999,0.96605916,0.083870503,0,1,0,0,0,1
Quinoa Salad,0.316363636,0.44,0.255523895,0.877269225,0.178478851,1,1,0,0,0,1
Lentil Soup,0.82,0.92,0.948813235,0.269200586,0.474490616,0,1,0,0,0,0
Greek Yogurt Parfait,0.530909091,0.82,0.105334035,0.4993808,0.383151176,0,1,0,0,0,1
Keto Avocado Salad,0.549090909,0.94,0.209942597,0.369190567,0.367665798,0,0,1,1,1,0
Gluten-Free Pasta,0.021818182,0.34,0.554889783,0.416399328,0.721586319,0,0,0,0,1,0
Keto Avocado Salad,0.3,0.2,0.734232109,0.648898262,0.799066279,0,0,1,1,1,0
Tofu Stir Fry,0.476363636,0.7,0.742374765,0.315977245,0.645892516,1,1,0,0,0,0
Vegan Curry,0.794545455,0,0.894770106,0.287688531,0.365614887,1,1,0,0,0,0
Chickpea Stew,0.096363636,0.18,0.546583754,0.099674089,0.689608307,1,1,0,0,0,0
Tofu Stir Fry,0.183636364,0.46,0.842553962,0.710723156,0.953451375,1,1,0,0,0,0
Keto Omelette,0.701818182,0.92,0.331925229,0.907900728,0.263324908,0,0,1,0,1,0
Grilled Salmon,0.685454545,0.5,0.681006361,0.312204294,0.776557584,0,0,1,1,1,1
Turkey Lettuce Wraps,0.187272727,0.54,0.981009075,0.125422076,0.010684968,0,0,1,1,1,1
Turkey Lettuce Wraps,0.763636364,0.1,0.437730083,0.332490694,0.339329591,0,0,1,1,1,1
Gluten-Free Pasta,0.02,0.3,0.570995129,0.664230901,0.548317109,0,0,0,0,1,0
Vegan Buddha Bowl,0.829090909,0.62,0.903158521,0.784724247,0.78301679,1,1,0,0,1,0
Vegan Curry,0.105454545,0.06,0.904057719,0.711477513,0.941850119,1,1,0,0,0,0
Chicken Stir Fry,0.370909091,0.28,0.06001114,0.672887554,0.582538331,0,0,1,1,1,0
Vegan Curry,0.787272727,0.2,0.967695652,0.075351291,0.363485096,1,1,0,0,0,0
Lentil Soup,0.656363636,0.5,0.851528848,0.315495733,0.272998553,0,1,0,0,0,0
Tofu Stir Fry,0.827272727,0.78,0.911059204,0.163849286,0.643855342,1,1,0,0,0,0
Quinoa Salad,0.183636364,0.46,0.728688625,0.539724218,0.054875655,1,1,0,0,0,1
Shrimp Zoodles,0.007272727,0.38,0.634146721,0.44835542,0.129380464,0,0,1,1,1,0
Cauliflower Rice Bowl,0.025454545,0.62,0.50315997,0.680885669,0.070668,1,1,0,1,1,0
Paleo Chicken Bowl,0.809090909,0.34,0.549653334,0.180317511,0.457485923,0,0,1,1,1,0
Keto Omelette,0.167272727,0.14,0.210246891,0.04966083,0.847028248,0,0,1,0,1,0
Eggplant Parmesan,0.603636364,0.98,0.858153139,0.242141803,0.965369789,0,1,0,0,0,1
Eggplant Parmesan,0.456363636,0.94,0.408748611,0.954972953,0.522173407,0,1,0,0,0,1
Lentil Soup,0.647272727,0.48,0.924092163,0.176094453,0.209991933,0,1,0,0,0,0
Cauliflower Rice Bowl,0.707272727,0.06,0.833634707,0.733519986,0.35272132,1,1,0,1,1,0
Chickpea Stew,0.443636364,0.3,0.982309798,0.758770932,0.157096558,1,1,0,0,0,0
Vegan Curry,0.898181818,0.58,0.643889842,0.667833071,0.158136858,1,1,0,0,0,0
Cauliflower Rice Bowl,0.167272727,0.42,0.606146328,0.83706497,0.787108696,1,1,0,1,1,0
Vegetarian Pizza,0.307272727,0.78,0.852380847,0.730250619,0.09005151,0,1,0,0,0,0
Mediterranean Wrap,0.632727273,0.04,0.899220616,0,0.905434988,0,0,0,0,0,1
Chicken Stir Fry,0.232727273,0.62,0.515338805,0.482316532,0.63639406,0,0,1,1,1,0
Almond Flour Pancakes,0.650909091,0.52,0.276949804,0.623160085,0.997556144,0,1,1,1,1,0
Almond Flour Pancakes,0.163636364,0.34,0.659987893,0.240559616,0.187367022,0,1,1,1,1,0
Tofu Stir Fry,0.481818182,0.2,0.755617066,0.228825676,0.961012678,1,1,0,0,0,0
Chicken Stir Fry,0.463636364,0.2,0.5662028,0.428133095,0.323683955,0,0,1,1,1,0
Greek Yogurt Parfait,0.196363636,0.12,0.898669307,0.948392937,0.8965072,0,1,0,0,0,1
Shrimp Zoodles,0.150909091,0.28,0.547287386,0.204531206,0.251826232,0,0,1,1,1,0
Eggplant Parmesan,0.201818182,0.76,0.032966243,0.637198208,0.362143116,0,1,0,0,0,1
Turkey Lettuce Wraps,0.763636364,0,0.411500659,0.81247403,0.839113269,0,0,1,1,1,1
Vegan Buddha Bowl,0.972727273,0.46,0.657997347,0.151532438,0.879637585,1,1,0,0,1,0
Almond Flour Pancakes,0.46,0.8,0,0.417169588,0.522143527,0,1,1,1,1,0
Mediterranean Wrap,0.709090909,0.76,0.305747563,0.304263027,0.226643514,0,0,0,0,0,1
Greek Yogurt Parfait,0.067272727,1,0.666436926,0.743318286,0.851859659,0,1,0,0,0,1
Cauliflower Rice Bowl,0.974545455,0.94,0.820957846,0.181626828,0.368806703,1,1,0,1,1,0
Turkey Lettuce Wraps,1,0.3,0.758105855,0.393740184,0.591065708,0,0,1,1,1,1
Chickpea Stew,0.365454545,0.62,0.168167967,0.782151096,0.584120592,1,1,0,0,0,0
Grilled Salmon,0.916363636,0.32,0.604628153,0.296861859,0.716295676,0,0,1,1,1,1
Mediterranean Wrap,0.345454545,0.48,0.172960352,0.974421721,0.447587518,0,0,0,0,0,1
Chicken Stir Fry,0.172727273,0.76,0.464073051,0.922866909,0.69623569,0,0,1,1,1,0
Gluten-Free Pasta,0.758181818,0.8,0.196230492,0.345766585,0.333064112,0,0,0,0,1,0
Almond Flour Pancakes,0.934545455,0.32,0.704755165,0.7284414,0.562167533,0,1,1,1,1,0
Quinoa Salad,0.86,0.28,0.509260183,0.38776727,0.910684619,1,1,0,0,0,1
Chickpea Stew,0.076363636,0.68,0.011464863,0.705025676,0.975112233,1,1,0,0,0,0
Vegan Buddha Bowl,0.570909091,0.56,0.821308311,0.547360682,0.971852824,1,1,0,0,1,0
Greek Yogurt Parfait,0.349090909,0.08,0.722127918,0.8643661,0.174885806,0,1,0,0,0,1
